[{"pk": 3, "model": "recommendations.screen", "fields": {"name": "Chlamydia Screen"}}, {"pk": 4, "model": "recommendations.screen", "fields": {"name": "Gonorrhea Screen"}}, {"pk": 2, "model": "recommendations.screen", "fields": {"name": "HIV Screen"}}, {"pk": 6, "model": "recommendations.screen", "fields": {"name": "Hepatitis C Screen"}}, {"pk": 9, "model": "recommendations.screen", "fields": {"name": "Hepatits A Vaccine"}}, {"pk": 7, "model": "recommendations.screen", "fields": {"name": "Hepatits B Screen"}}, {"pk": 8, "model": "recommendations.screen", "fields": {"name": "Hepatits B Vaccine"}}, {"pk": 5, "model": "recommendations.screen", "fields": {"name": "Syphillis Screen"}}, {"pk": 1, "model": "recommendations.screen", "fields": {"name": "Tuberculosis Screen"}}, {"pk": 1, "model": "recommendations.recommendation", "fields": {"screen": 2, "frequency": "", "not_recommended": true, "order": 1}}, {"pk": 4, "model": "recommendations.recommendation", "fields": {"screen": 2, "frequency": "hcv", "not_recommended": false, "order": 2}}, {"pk": 3, "model": "recommendations.recommendation", "fields": {"screen": 2, "frequency": "Every 6 Months", "not_recommended": false, "order": 3}}, {"pk": 2, "model": "recommendations.recommendation", "fields": {"screen": 2, "frequency": "", "not_recommended": false, "order": 4}}, {"pk": 24, "model": "recommendations.recommendation", "fields": {"screen": 4, "frequency": "", "not_recommended": true, "order": 5}}, {"pk": 9, "model": "recommendations.recommendation", "fields": {"screen": 4, "frequency": "", "not_recommended": false, "order": 6}}, {"pk": 14, "model": "recommendations.recommendation", "fields": {"screen": 4, "frequency": "On Entry", "not_recommended": false, "order": 7}}, {"pk": 12, "model": "recommendations.recommendation", "fields": {"screen": 4, "frequency": "Every 3-6 Months", "not_recommended": false, "order": 8}}, {"pk": 8, "model": "recommendations.recommendation", "fields": {"screen": 4, "frequency": "", "not_recommended": false, "order": 9}}, {"pk": 25, "model": "recommendations.recommendation", "fields": {"screen": 3, "frequency": "", "not_recommended": true, "order": 10}}, {"pk": 5, "model": "recommendations.recommendation", "fields": {"screen": 3, "frequency": "", "not_recommended": false, "order": 11}}, {"pk": 13, "model": "recommendations.recommendation", "fields": {"screen": 3, "frequency": "", "not_recommended": false, "order": 12}}, {"pk": 6, "model": "recommendations.recommendation", "fields": {"screen": 3, "frequency": "Every 3-6 Months", "not_recommended": false, "order": 13}}, {"pk": 7, "model": "recommendations.recommendation", "fields": {"screen": 3, "frequency": "", "not_recommended": false, "order": 14}}, {"pk": 26, "model": "recommendations.recommendation", "fields": {"screen": 5, "frequency": "", "not_recommended": true, "order": 15}}, {"pk": 11, "model": "recommendations.recommendation", "fields": {"screen": 5, "frequency": "", "not_recommended": false, "order": 16}}, {"pk": 15, "model": "recommendations.recommendation", "fields": {"screen": 5, "frequency": "On Entry", "not_recommended": false, "order": 17}}, {"pk": 10, "model": "recommendations.recommendation", "fields": {"screen": 5, "frequency": "Every 3-6 Months", "not_recommended": false, "order": 18}}, {"pk": 21, "model": "recommendations.recommendation", "fields": {"screen": 6, "frequency": "On Entry", "not_recommended": false, "order": 19}}, {"pk": 17, "model": "recommendations.recommendation", "fields": {"screen": 6, "frequency": "Annually", "not_recommended": false, "order": 20}}, {"pk": 19, "model": "recommendations.recommendation", "fields": {"screen": 6, "frequency": "Annually", "not_recommended": false, "order": 21}}, {"pk": 20, "model": "recommendations.recommendation", "fields": {"screen": 6, "frequency": "On Entry", "not_recommended": false, "order": 22}}, {"pk": 18, "model": "recommendations.recommendation", "fields": {"screen": 6, "frequency": "", "not_recommended": false, "order": 23}}, {"pk": 16, "model": "recommendations.recommendation", "fields": {"screen": 6, "frequency": "", "not_recommended": false, "order": 24}}, {"pk": 28, "model": "recommendations.recommendation", "fields": {"screen": 7, "frequency": "", "not_recommended": false, "order": 25}}, {"pk": 27, "model": "recommendations.recommendation", "fields": {"screen": 7, "frequency": "", "not_recommended": false, "order": 26}}, {"pk": 29, "model": "recommendations.recommendation", "fields": {"screen": 8, "frequency": "", "not_recommended": false, "order": 27}}, {"pk": 22, "model": "recommendations.recommendation", "fields": {"screen": 8, "frequency": "", "not_recommended": false, "order": 28}}, {"pk": 30, "model": "recommendations.recommendation", "fields": {"screen": 9, "frequency": "", "not_recommended": false, "order": 29}}, {"pk": 23, "model": "recommendations.recommendation", "fields": {"screen": 9, "frequency": "", "not_recommended": false, "order": 30}}, {"pk": 32, "model": "recommendations.recommendation", "fields": {"screen": 1, "frequency": "", "not_recommended": false, "order": 31}}, {"pk": 33, "model": "recommendations.recommendation", "fields": {"screen": 1, "frequency": "", "not_recommended": false, "order": 32}}, {"pk": 31, "model": "recommendations.recommendation", "fields": {"screen": 1, "frequency": "Annually", "not_recommended": false, "order": 33}}, {"pk": 35, "model": "recommendations.recommendation", "fields": {"screen": 1, "frequency": "Annually", "not_recommended": false, "order": 34}}, {"pk": 34, "model": "recommendations.recommendation", "fields": {"screen": 1, "frequency": "Annually", "not_recommended": false, "order": 35}}, {"pk": 15, "model": "populations.population", "fields": {"short": "chlamydia", "name": "Chlamydia"}}, {"pk": 2, "model": "populations.population", "fields": {"short": "female", "name": "Female"}}, {"pk": 16, "model": "populations.population", "fields": {"short": "gonorrhea", "name": "Gonorrhea"}}, {"pk": 12, "model": "populations.population", "fields": {"short": "hbv-acute", "name": "Acute Hepatitis B Virus"}}, {"pk": 10, "model": "populations.population", "fields": {"short": "hbv-chronic", "name": "Chronic Hepatitis B"}}, {"pk": 9, "model": "populations.population", "fields": {"short": "hcv", "name": "Hepatitis C"}}, {"pk": 5, "model": "populations.population", "fields": {"short": "homeless", "name": "Homeless and marginally housed"}}, {"pk": 8, "model": "populations.population", "fields": {"short": "idu", "name": "Injection Drug User"}}, {"pk": 18, "model": "populations.population", "fields": {"short": "idu-history", "name": "History of IDU"}}, {"pk": 7, "model": "populations.population", "fields": {"short": "incarcerated", "name": "Incarcerated Individuals"}}, {"pk": 1, "model": "populations.population", "fields": {"short": "male", "name": "Male"}}, {"pk": 11, "model": "populations.population", "fields": {"short": "msm", "name": "Men who have sex with men"}}, {"pk": 6, "model": "populations.population", "fields": {"short": "plwha", "name": "HIV"}}, {"pk": 17, "model": "populations.population", "fields": {"short": "syphillis", "name": "Syphillis"}}, {"pk": 14, "model": "populations.population", "fields": {"short": "tb-active", "name": "Active Tuberculosis"}}, {"pk": 13, "model": "populations.population", "fields": {"short": "tb-latent", "name": "Latent Tuberculosis"}}, {"pk": 4, "model": "populations.population", "fields": {"short": "transfemale", "name": "Trans Female"}}, {"pk": 3, "model": "populations.population", "fields": {"short": "transmale", "name": "Trans Male"}}, {"pk": 1, "model": "populations.population_relationship", "fields": {"max_age": null, "inclusive": false, "country": "", "populations": [6], "object_id": 1, "min_age": null, "content_type": 14}}, {"pk": 2, "model": "populations.population_relationship", "fields": {"max_age": null, "inclusive": true, "country": "", "populations": [], "object_id": 2, "min_age": null, "content_type": 14}}, {"pk": 3, "model": "populations.population_relationship", "fields": {"max_age": null, "inclusive": true, "country": "", "populations": [8, 11, 4], "object_id": 3, "min_age": null, "content_type": 14}}, {"pk": 4, "model": "populations.population_relationship", "fields": {"max_age": null, "inclusive": true, "country": "", "populations": [12, 10, 9, 14, 13], "object_id": 4, "min_age": null, "content_type": 14}}, {"pk": 5, "model": "populations.population_relationship", "fields": {"max_age": null, "inclusive": true, "country": "", "populations": [12, 10, 9, 14, 13], "object_id": 3, "min_age": null, "content_type": 12}}, {"pk": 6, "model": "populations.population_relationship", "fields": {"max_age": null, "inclusive": true, "country": "", "populations": [8, 11, 4], "object_id": 4, "min_age": null, "content_type": 12}}, {"pk": 7, "model": "populations.population_relationship", "fields": {"max_age": null, "inclusive": true, "country": "", "populations": [16, 17], "object_id": 5, "min_age": null, "content_type": 14}}, {"pk": 8, "model": "populations.population_relationship", "fields": {"max_age": null, "inclusive": true, "country": "", "populations": [11, 4, 3], "object_id": 6, "min_age": null, "content_type": 14}}, {"pk": 9, "model": "populations.population_relationship", "fields": {"max_age": 25, "inclusive": false, "country": "", "populations": [2], "object_id": 7, "min_age": null, "content_type": 14}}, {"pk": 10, "model": "populations.population_relationship", "fields": {"max_age": 25, "inclusive": false, "country": "", "populations": [2], "object_id": 8, "min_age": null, "content_type": 14}}, {"pk": 11, "model": "populations.population_relationship", "fields": {"max_age": null, "inclusive": true, "country": "", "populations": [15, 17], "object_id": 9, "min_age": null, "content_type": 14}}, {"pk": 12, "model": "populations.population_relationship", "fields": {"max_age": null, "inclusive": true, "country": "", "populations": [15, 16], "object_id": 10, "min_age": null, "content_type": 14}}, {"pk": 13, "model": "populations.population_relationship", "fields": {"max_age": null, "inclusive": true, "country": "", "populations": [15, 16], "object_id": 11, "min_age": null, "content_type": 14}}, {"pk": 14, "model": "populations.population_relationship", "fields": {"max_age": null, "inclusive": true, "country": "", "populations": [11, 4, 3], "object_id": 12, "min_age": null, "content_type": 14}}, {"pk": 15, "model": "populations.population_relationship", "fields": {"max_age": null, "inclusive": false, "country": "", "populations": [12], "object_id": 13, "min_age": null, "content_type": 14}}, {"pk": 16, "model": "populations.population_relationship", "fields": {"max_age": null, "inclusive": false, "country": "", "populations": [12], "object_id": 14, "min_age": null, "content_type": 14}}, {"pk": 17, "model": "populations.population_relationship", "fields": {"max_age": null, "inclusive": false, "country": "", "populations": [12], "object_id": 15, "min_age": null, "content_type": 14}}, {"pk": 18, "model": "populations.population_relationship", "fields": {"max_age": 69, "inclusive": false, "country": "", "populations": [], "object_id": 16, "min_age": 40, "content_type": 14}}, {"pk": 19, "model": "populations.population_relationship", "fields": {"max_age": null, "inclusive": false, "country": "", "populations": [5], "object_id": 17, "min_age": null, "content_type": 14}}, {"pk": 20, "model": "populations.population_relationship", "fields": {"max_age": null, "inclusive": false, "country": "JP", "populations": [], "object_id": 18, "min_age": null, "content_type": 14}}, {"pk": 21, "model": "populations.population_relationship", "fields": {"max_age": null, "inclusive": false, "country": "EG", "populations": [], "object_id": 18, "min_age": null, "content_type": 14}}, {"pk": 22, "model": "populations.population_relationship", "fields": {"max_age": null, "inclusive": false, "country": "PK", "populations": [], "object_id": 18, "min_age": null, "content_type": 14}}, {"pk": 23, "model": "populations.population_relationship", "fields": {"max_age": null, "inclusive": false, "country": "", "populations": [8], "object_id": 19, "min_age": null, "content_type": 14}}, {"pk": 24, "model": "populations.population_relationship", "fields": {"max_age": null, "inclusive": false, "country": "", "populations": [18], "object_id": 20, "min_age": null, "content_type": 14}}, {"pk": 25, "model": "populations.population_relationship", "fields": {"max_age": null, "inclusive": false, "country": "", "populations": [10], "object_id": 21, "min_age": null, "content_type": 14}}, {"pk": 26, "model": "populations.population_relationship", "fields": {"max_age": 18, "inclusive": false, "country": "", "populations": [], "object_id": 22, "min_age": null, "content_type": 14}}, {"pk": 27, "model": "populations.population_relationship", "fields": {"max_age": null, "inclusive": true, "country": "", "populations": [2, 1, 4, 3], "object_id": 22, "min_age": 19, "content_type": 14}}, {"pk": 28, "model": "populations.population_relationship", "fields": {"max_age": 18, "inclusive": false, "country": "", "populations": [], "object_id": 23, "min_age": null, "content_type": 14}}, {"pk": 29, "model": "populations.population_relationship", "fields": {"max_age": 25, "inclusive": false, "country": "", "populations": [2], "object_id": 6, "min_age": null, "content_type": 12}}, {"pk": 32, "model": "populations.population_relationship", "fields": {"max_age": 25, "inclusive": false, "country": "", "populations": [2], "object_id": 11, "min_age": null, "content_type": 12}}, {"pk": 33, "model": "populations.population_relationship", "fields": {"max_age": null, "inclusive": false, "country": "", "populations": [11, 4], "object_id": 12, "min_age": null, "content_type": 12}}, {"pk": 34, "model": "populations.population_relationship", "fields": {"max_age": null, "inclusive": false, "country": "", "populations": [15, 16, 12], "object_id": 13, "min_age": null, "content_type": 12}}, {"pk": 35, "model": "populations.population_relationship", "fields": {"max_age": null, "inclusive": false, "country": "", "populations": [11, 4], "object_id": 16, "min_age": null, "content_type": 12}}, {"pk": 36, "model": "populations.population_relationship", "fields": {"max_age": null, "inclusive": false, "country": "", "populations": [15, 16, 12], "object_id": 17, "min_age": null, "content_type": 12}}, {"pk": 37, "model": "populations.population_relationship", "fields": {"max_age": 69, "inclusive": false, "country": "", "populations": [], "object_id": 20, "min_age": 40, "content_type": 12}}, {"pk": 38, "model": "populations.population_relationship", "fields": {"max_age": null, "inclusive": false, "country": "", "populations": [8], "object_id": 21, "min_age": null, "content_type": 12}}, {"pk": 39, "model": "populations.population_relationship", "fields": {"max_age": null, "inclusive": false, "country": "", "populations": [18], "object_id": 22, "min_age": null, "content_type": 12}}, {"pk": 40, "model": "populations.population_relationship", "fields": {"max_age": null, "inclusive": false, "country": "JP", "populations": [], "object_id": 23, "min_age": null, "content_type": 12}}, {"pk": 41, "model": "populations.population_relationship", "fields": {"max_age": null, "inclusive": false, "country": "EG", "populations": [], "object_id": 23, "min_age": null, "content_type": 12}}, {"pk": 42, "model": "populations.population_relationship", "fields": {"max_age": null, "inclusive": false, "country": "PK", "populations": [], "object_id": 23, "min_age": null, "content_type": 12}}, {"pk": 43, "model": "populations.population_relationship", "fields": {"max_age": null, "inclusive": false, "country": "", "populations": [11, 4], "object_id": 24, "min_age": null, "content_type": 12}}, {"pk": 44, "model": "populations.population_relationship", "fields": {"max_age": null, "inclusive": false, "country": "", "populations": [15, 16, 12], "object_id": 25, "min_age": null, "content_type": 12}}, {"pk": 45, "model": "populations.population_relationship", "fields": {"max_age": null, "inclusive": false, "country": "", "populations": [16], "object_id": 24, "min_age": null, "content_type": 14}}, {"pk": 46, "model": "populations.population_relationship", "fields": {"max_age": null, "inclusive": false, "country": "", "populations": [15], "object_id": 25, "min_age": null, "content_type": 14}}, {"pk": 47, "model": "populations.population_relationship", "fields": {"max_age": null, "inclusive": false, "country": "", "populations": [17], "object_id": 26, "min_age": null, "content_type": 14}}, {"pk": 48, "model": "populations.population_relationship", "fields": {"max_age": null, "inclusive": false, "country": "", "populations": [9], "object_id": 27, "min_age": null, "content_type": 14}}, {"pk": 49, "model": "populations.population_relationship", "fields": {"max_age": null, "inclusive": false, "country": "", "populations": [14], "object_id": 28, "min_age": null, "content_type": 14}}, {"pk": 50, "model": "populations.population_relationship", "fields": {"max_age": null, "inclusive": false, "country": "", "populations": [14], "object_id": 29, "min_age": null, "content_type": 14}}, {"pk": 51, "model": "populations.population_relationship", "fields": {"max_age": null, "inclusive": true, "country": "", "populations": [8, 18, 11, 4, 3], "object_id": 30, "min_age": null, "content_type": 14}}, {"pk": 52, "model": "populations.population_relationship", "fields": {"max_age": null, "inclusive": false, "country": "", "populations": [6], "object_id": 31, "min_age": null, "content_type": 14}}, {"pk": 53, "model": "populations.population_relationship", "fields": {"max_age": null, "inclusive": false, "country": "", "populations": [9], "object_id": 32, "min_age": null, "content_type": 14}}, {"pk": 54, "model": "populations.population_relationship", "fields": {"max_age": null, "inclusive": false, "country": "", "populations": [10], "object_id": 33, "min_age": null, "content_type": 14}}, {"pk": 55, "model": "populations.population_relationship", "fields": {"max_age": null, "inclusive": false, "country": "", "populations": [5], "object_id": 34, "min_age": null, "content_type": 14}}, {"pk": 56, "model": "populations.population_relationship", "fields": {"max_age": null, "inclusive": false, "country": "", "populations": [8], "object_id": 35, "min_age": null, "content_type": 14}}, {"pk": 57, "model": "populations.population_relationship", "fields": {"max_age": null, "inclusive": true, "country": "", "populations": [9, 8, 18, 11, 4], "object_id": 29, "min_age": null, "content_type": 12}}, {"pk": 58, "model": "populations.population_relationship", "fields": {"max_age": null, "inclusive": false, "country": "", "populations": [6], "object_id": 30, "min_age": null, "content_type": 12}}, {"pk": 59, "model": "populations.population_relationship", "fields": {"max_age": null, "inclusive": false, "country": "", "populations": [6], "object_id": 34, "min_age": null, "content_type": 12}}, {"pk": 60, "model": "populations.population_relationship", "fields": {"max_age": null, "inclusive": false, "country": "", "populations": [14], "object_id": 35, "min_age": null, "content_type": 12}}, {"pk": 61, "model": "populations.population_relationship", "fields": {"max_age": null, "inclusive": false, "country": "", "populations": [6], "object_id": 39, "min_age": null, "content_type": 12}}, {"pk": 62, "model": "populations.population_relationship", "fields": {"max_age": null, "inclusive": true, "country": "", "populations": [10, 9], "object_id": 40, "min_age": null, "content_type": 12}}, {"pk": 1, "model": "notes.subject", "fields": {"title": "Why"}}, {"pk": 2, "model": "notes.subject", "fields": {"title": "What"}}, {"pk": 3, "model": "notes.subject", "fields": {"title": "How"}}, {"pk": 4, "model": "notes.subject", "fields": {"title": "Where"}}, {"pk": 1, "model": "notes.note", "fields": {"text": "<p>HIV stands for human immunodeficiency virus. HIV is transmitted from person to person via the exchange of bodily fluids - semen, blood, and vaginal fluids. HIV destroys a person\u2019s immune system making them more likely to get other diseases that may not harm HIV negative people. AIDS (acquired immunodeficiency syndrome) is a later stage of HIV where a person\u2019s immune system is severely depressed.</p>\r\n<p>There is currently no cure for HIV, but there are many medications that can combat the HIV virus that allow people to live long, healthful lives.</p>", "screen": 2, "subject": 2, "order": 1, "title": "What"}}, {"pk": 3, "model": "notes.note", "fields": {"text": "We have found that people with hepatitis C, hepatitis B, or tuberculosis are more likely to be infected with HIV.", "screen": 2, "subject": 1, "order": 2, "title": "Why"}}, {"pk": 4, "model": "notes.note", "fields": {"text": "Because of the high numbers of men who have sex with men, injection drug users and transfemales who have HIV, we recommend you get tested for HIV every six months.", "screen": 2, "subject": 1, "order": 3, "title": "Why"}}, {"pk": 2, "model": "notes.note", "fields": {"text": "In San Francisco, testing for HIV is commonly done by blood draw or finger stick. If your test is a rapid test (meaning same day results are available), a second blood draw may be taken to confirm your initial result. There is a window period of two weeks to six months after an exposure to HIV where someone may be infected, but the test will not be able to pick up the infection. For almost all people the test is able to detect infection by three months after exposure. If you were recently exposed to HIV (e.g., had unprotected sex, shared needles) it is important to re-test in order to close this window period.", "screen": 2, "subject": 3, "order": 4, "title": "How"}}, {"pk": 5, "model": "notes.note", "fields": {"text": "Chlamydia is a bacteria that is spread during vaginal, anal or oral sex , with a partner that has Chlamydia. Many people with Chlamydia don\u2019t experience symptoms, but symptoms may include discharge from the penis, vagina or anus; itching, or pain with urination. In women, untreated Chlamydia can lead to Pelvic Inflammatory Disease (PID) and cause infertility. \r\n\r\nChlamydia is curable with antibiotics.", "screen": 3, "subject": 2, "order": 5, "title": "What"}}, {"pk": 25, "model": "notes.note", "fields": {"text": "We have found a high rate of co-occurrence between Syphilis, Chlamydia, Gonorrhea and Hepatitis B. If you have one of these diseases, we recommend you get tested for Chlamydia when being treated.", "screen": 3, "subject": 1, "order": 6, "title": "Why"}}, {"pk": 6, "model": "notes.note", "fields": {"text": "Chlamydia infections are common among adolescents, especially young women. Therefore, we recommend yearly screening for women under the age of 25.", "screen": 3, "subject": 1, "order": 7, "title": "Why"}}, {"pk": 24, "model": "notes.note", "fields": {"text": "Rectal and Pharyngeal (throat) Chlamydia is common in men who have sex with men, often without symptoms.  We recommend you get screened for Chlamydia every 3 to 6 months.", "screen": 3, "subject": 1, "order": 8, "title": "Why"}}, {"pk": 9, "model": "notes.note", "fields": {"text": "A screening for Chlamydia may include a physical exam and collecting a specimen.", "screen": 3, "subject": 3, "order": 9, "title": "How"}}, {"pk": 10, "model": "notes.note", "fields": {"text": "Gonorrhea is caused by a bacteria that is spread during vaginal, anal and oral sex with a partner that has Gonorrhea. While many experience symptoms with infections in the urethral or penis, infections in the throat, vagina, anus can occur without symptoms.\r\n\r\nGonorrhea infections are completely curable by antibiotics.", "screen": 4, "subject": 2, "order": 10, "title": "What"}}, {"pk": 13, "model": "notes.note", "fields": {"text": "We have found a high rate of co-occurrence between Syphilis, Chlamydia, Gonorrhea and Hepatitis B. If you have one of these diseases, we recommend you get tested for Gonorrhea when being treated.", "screen": 4, "subject": 1, "order": 11, "title": "Why"}}, {"pk": 11, "model": "notes.note", "fields": {"text": "Gonorrhea infections are common among adolescents, especially young women. Therefore, we recommend yearly screening for women under 25 years of age.", "screen": 4, "subject": 1, "order": 12, "title": "Why"}}, {"pk": 12, "model": "notes.note", "fields": {"text": "Gonorrhea infections of the rectum and pharynx (throat) common in men who have sex with men, and can occur without symptoms.  We recommend you get screened for syphilis every 3 to 6 months.", "screen": 4, "subject": 1, "order": 13, "title": "Why"}}, {"pk": 14, "model": "notes.note", "fields": {"text": "A Gonorrhea screen may include a physical exam and submitting specimens.", "screen": 4, "subject": 3, "order": 14, "title": "How"}}, {"pk": 15, "model": "notes.note", "fields": {"text": "Syphilis is a sexually transmitted disease caused by a bacteria. It can be spread by physical contact during vaginal, anal, or oral sex. Symptoms can include a painless sore or rash that will go away without treatment.  Although these symptoms will go away, the person is still infected and the bacteria can cause damage to the body.\r\n\r\nSyphilis can be cured with antibiotics.", "screen": 5, "subject": 2, "order": 15, "title": "What"}}, {"pk": 17, "model": "notes.note", "fields": {"text": "We have found a high rate of co-occurrence between Syphilis, Chlamydia, Gonorrhea and Hepatitis B. If you have one of these diseases, we recommend you get tested for Syphilis when being treated.", "screen": 5, "subject": 1, "order": 16, "title": "Why"}}, {"pk": 16, "model": "notes.note", "fields": {"text": "Syphilis is common among men who have sex with men and transgender people.  Therefore, we recommend you get screened for syphilis every 3 to 6 months.", "screen": 5, "subject": 1, "order": 17, "title": "Why"}}, {"pk": 18, "model": "notes.note", "fields": {"text": "Syphilis is typically diagnosed by physical exam and a blood test. ", "screen": 5, "subject": 3, "order": 18, "title": "How"}}, {"pk": 19, "model": "notes.note", "fields": {"text": "Hepatitis C is a contagious liver infection caused by a virus spread by blood to blood contact. Approximately 15% of people infected with hepatitis C naturally fight off the virus. However, most people infected with hepatitis C will become chronically infected, meaning the virus does not go away on its own in six months. If left untreated, these people will live with the infection for the rest of their lives. Most people infected with the hepatitis C virus have no symptoms and may live decades before they experience any. Untreated, hepatitis C may lead to numerous complications, including cirrhosis (scarring of the liver), liver cancer, and death. Hepatitis C is the leading reason for liver transplants in the United States.\r\n\r\nFor some people living with hepatitis C, treatment  with anti-viral medications may provide a cure. However, treatment is not appropriate for everyone. The decision to treat must be made by an individual in consultation with his/her doctor.", "screen": 6, "subject": 2, "order": 19, "title": "What"}}, {"pk": 21, "model": "notes.note", "fields": {"text": "If you inject drugs, you may be at risk for the hepatitis C virus. We recommend you get a test every year.", "screen": 6, "subject": 1, "order": 20, "title": "Why"}}, {"pk": 22, "model": "notes.note", "fields": {"text": "If you have ever  injected drugs, even once many years ago, and have not been tested for hepatitis C, we recommend you get a test.", "screen": 6, "subject": 1, "order": 21, "title": "Why"}}, {"pk": 20, "model": "notes.note", "fields": {"text": "Hepatitis C virus infection is most common among adults born from 1945 through 1965. Approximately 75% of infected adults are unaware they are living with hepatitis C. Because people living with hepatitis C may not experience symptoms for many years after becoming infected, the risk for serious complications increases among this group over time. Thus, the Centers for Disease Control and Prevention recommends that all individuals born during this time period, those of the \u201cBaby Boomer\u201d generation, test for hepatitis C once in their lifetime.", "screen": 6, "subject": 1, "order": 22, "title": "Why"}}, {"pk": 23, "model": "notes.note", "fields": {"text": "If you are from a country with a high rate of hepatitis C infection, we recommend you get a test.", "screen": 6, "subject": 1, "order": 23, "title": "Why"}}, {"pk": 26, "model": "notes.note", "fields": {"text": "A blood draw is required to test for hepatitis C. The initial test looks for the body\u2019s reaction to the virus (antibodies). There is a window period of two weeks to six months after an exposure to hepatitis C where someone may be infected, but the test will not be able to pick up the infection. For almost all people the test is able to detect infection by three months after exposure. If you were recently exposed to hepatitis C (e.g., shared needles) it is important to re-test in order to close this window period. If the first test is reactive (positive), additional testing will be required to confirm chronic infection.", "screen": 6, "subject": 3, "order": 24, "title": "How"}}, {"pk": 27, "model": "notes.note", "fields": {"text": "Hepatitis B is a contagious disease caused by infection of the liver with the hepatitis B virus. This infection can lead to cirrhosis of the liver, liver failure, and liver cancer. 80% of liver cancer worldwide is caused by hepatitis B virus infection.\r\n\r\nThe hepatitis B virus can be spread by having contact with the blood, semen, vaginal fluids, or other body fluids of someone who has a hepatitis B infection.", "screen": 7, "subject": 2, "order": 25, "title": "What"}}, {"pk": 29, "model": "notes.note", "fields": {"text": "We recommend you get screened for hepatitis B to diagnose a past or present infection.", "screen": 7, "subject": 1, "order": 26, "title": "Why"}}, {"pk": 30, "model": "notes.note", "fields": {"text": "Since you are HIV Positive and have a lowered immune system, we recommend you get tested for hepatitis B.", "screen": 7, "subject": 1, "order": 27, "title": "Why"}}, {"pk": 28, "model": "notes.note", "fields": {"text": "If you are from a country with a high rate of hepatitis B we recommend you get screened for hepatitis B. ", "screen": 7, "subject": 1, "order": 28, "title": "Why"}}, {"pk": 31, "model": "notes.note", "fields": {"text": "Hepatitis B is diagnosed from a blood test. This single blood test can determine if you are infected by hepatitis B and are contagious, or have had hepatitis B in the past.\r\n\r\nIf you do not have hepatitis B and have not been vaccinated against hepatitis B, we strongly recommend you get a hepatitis B vaccination.", "screen": 7, "subject": 3, "order": 29, "title": "How"}}, {"pk": 32, "model": "notes.note", "fields": {"text": "Hepatitis B is a contagious disease caused by infection of the liver with the hepatitis B virus. This infection can lead to cirrhosis of the liver, liver failure, and liver cancer. 80% of liver cancer worldwide is caused by hepatitis B virus infection.\r\n\r\nThe hepatitis B virus can be spread by having contact with the blood, semen, vaginal fluids, or other body fluids of someone who has a hepatitis B infection.", "screen": 8, "subject": 2, "order": 30, "title": "What"}}, {"pk": 35, "model": "notes.note", "fields": {"text": "We have found that people in San Francisco who have tuberculosis are more likely to have hepatitis B.", "screen": 8, "subject": 1, "order": 31, "title": "Active TB"}}, {"pk": 34, "model": "notes.note", "fields": {"text": "We recommend that you get vaccinated against hepatitis B because HIV makes you more susceptible to infections.", "screen": 8, "subject": 1, "order": 32, "title": "Why"}}, {"pk": 33, "model": "notes.note", "fields": {"text": "National policy states that  all children must be vaccinated for hepatitis B. We additionally recommend that all adults should be vaccinated against hepatitis B.", "screen": 8, "subject": 1, "order": 33, "title": "Why"}}, {"pk": 36, "model": "notes.note", "fields": {"text": "The hepatitis B Vaccine is a series of three injections that need to be administered over six months. After receiving all three injections, a person in believed to be vaccinated for life.\r\n\r\nYou will be tested for hepatitis B before being vaccinated, to make sure you do not already have hepatitis B.", "screen": 8, "subject": 3, "order": 34, "title": "How"}}, {"pk": 37, "model": "notes.note", "fields": {"text": "Tuberculosis is a  disease that usually affects person\u2019s lungs, but can occur in any part of the body. This infection is typically spread from person to person through the air when one person coughs or sneezes. Tuberculosis infection can be fatal if left untreated. \r\n \r\nPeople who have tuberculosis may not feel sick but have a small amount of tuberculosis bacteria that are kept under control by their immune system.  If the immune system is not able to contain the infection, then the person will progress to active tuberculosis disease.  When people have active tuberculosis disease, they usually have symptoms like fever, weight loss, fatigue, and cough and can spread tuberculosis to other people.", "screen": 1, "subject": 2, "order": 35, "title": "What"}}, {"pk": 40, "model": "notes.note", "fields": {"text": "People with viral hepatitis often fall into the same groups of people who have been exposed to TB, so may benefit from a screen for tuberculosis.", "screen": 1, "subject": 1, "order": 36, "title": "Why"}}, {"pk": 39, "model": "notes.note", "fields": {"text": "Since you are HIV positive, we recommend you get tested annually for tuberculosis.  HIV positive people who are infected with TB are at a very high risk for progressing to active TB disease.  If you are HIV positive and have TB infection, you can get preventive treatment.", "screen": 1, "subject": 1, "order": 37, "title": "Why"}}, {"pk": 38, "model": "notes.note", "fields": {"text": "Unless you are  at risk for exposure to tuberculosis or are experiencing symptoms of tuberculosis, we don\u2019t recommend you get tested.", "screen": 1, "subject": 1, "order": 38, "title": "Why"}}, {"pk": 41, "model": "notes.note", "fields": {"text": "Visit <a href=\"http://www.sftbc.org/#!testing-sites\">San Francisco Tuberculosis Control for a complete list of testing sites.</a>", "screen": 1, "subject": 4, "order": 39, "title": "Where"}}]